date,asset,subreddit,kind,post_id,comment_id,parent_id,title,content,body,score,num_comments,url,permalink,platform
2024-11-01,BTC,truth_social,post,113410292895927490,,,,"TOGETHER—WE WILL FIGHT, FIGHT, FIGHT—and we will WIN, WIN, WIN! https://swampthevoteusa.com/","TOGETHER—WE WILL FIGHT, FIGHT, FIGHT—and we will WIN, WIN, WIN! https://swampthevoteusa.com/",17099,1208,https://truthsocial.com/@realDonaldTrump/113410292895927490,https://truthsocial.com/@realDonaldTrump/113410292895927490,truth_social
2024-11-01,BTC,truth_social,post,113410059996967662,,,,"Kamala’s closing message to America is that she hates you—My closing message is that I love America! I am asking for your vote, but I want you to know that whether you vote for me or not, when I win, I will fight for you with every breath in my body! https://swampthevoteusa.com/","Kamala’s closing message to America is that she hates you—My closing message is that I love America! I am asking for your vote, but I want you to know that whether you vote for me or not, when I win, I will fight for you with every breath in my body! https://swampthevoteusa.com/",12137,828,https://truthsocial.com/@realDonaldTrump/113410059996967662,https://truthsocial.com/@realDonaldTrump/113410059996967662,truth_social
2024-11-02,BTC,truth_social,post,113410700101679366,,,,"RT @realDonaldTrumpTOGETHER—WE WILL FIGHT, FIGHT, FIGHT—and we will WIN, WIN, WIN! https://swampthevoteusa.com/","RT @realDonaldTrumpTOGETHER—WE WILL FIGHT, FIGHT, FIGHT—and we will WIN, WIN, WIN! https://swampthevoteusa.com/",1000,0,https://truthsocial.com/@realDonaldTrump/113410700101679366,https://truthsocial.com/@realDonaldTrump/113410700101679366,truth_social
2024-11-03,BTC,truth_social,post,113416215449871601,,,,"IF YOU HAVEN’T VOTED YET, PLEASE CLICK THE LINK BELOW TO MAKE YOUR PLAN. We can’t afford to take ANY chances—YOU MUST VOTE! Stand with me with your vote and with your voice. Together, WE WILL MAKE AMERICA GREAT AGAIN! https://swampthevoteusa.com/","IF YOU HAVEN’T VOTED YET, PLEASE CLICK THE LINK BELOW TO MAKE YOUR PLAN. We can’t afford to take ANY chances—YOU MUST VOTE! Stand with me with your vote and with your voice. Together, WE WILL MAKE AMERICA GREAT AGAIN! https://swampthevoteusa.com/",9672,454,https://truthsocial.com/@realDonaldTrump/113416215449871601,https://truthsocial.com/@realDonaldTrump/113416215449871601,truth_social
2024-11-03,BTC,truth_social,post,113416812209576133,,,,"Three beautiful MAGA RALLIES today in Gastonia, North Carolina, followed by Salem, Virginia—and this evening in Greensboro, North Carolina! Every problem facing us can be solved—but now, the fate of our nation is in your hands. On Tuesday, you have to stand up, and you have to tell Kamala that you’ve had enough, you can’t take anymore, “Kamala Harris, You’re Fired!” GET OUT AND VOTE TRUMP EVERYONE, SO TOGETHER WE CAN MAKE AMERICA GREAT AGAIN!","Three beautiful MAGA RALLIES today in Gastonia, North Carolina, followed by Salem, Virginia—and this evening in Greensboro, North Carolina! Every problem facing us can be solved—but now, the fate of our nation is in your hands. On Tuesday, you have to stand up, and you have to tell Kamala that you’ve had enough, you can’t take anymore, “Kamala Harris, You’re Fired!” GET OUT AND VOTE TRUMP EVERYONE, SO TOGETHER WE CAN MAKE AMERICA GREAT AGAIN!",15286,1189,https://truthsocial.com/@realDonaldTrump/113416812209576133,https://truthsocial.com/@realDonaldTrump/113416812209576133,truth_social
2024-11-03,BTC,truth_social,post,113420383194497078,,,,"RT @TeamTrumpPRESIDENT TRUMP: ""Kamala BROKE IT. We will FIX IT... The election is a choice between whether we will have four more years of incompetence and failure... or whether we will begin the four greatest years in the history of our country.""","RT @TeamTrumpPRESIDENT TRUMP: ""Kamala BROKE IT. We will FIX IT... The election is a choice between whether we will have four more years of incompetence and failure... or whether we will begin the four greatest years in the history of our country.""",1000,0,https://truthsocial.com/@realDonaldTrump/113420383194497078,https://truthsocial.com/@realDonaldTrump/113420383194497078,truth_social
2024-11-03,BTC,truth_social,post,113421532985937880,,,,"NEBRASKA! In-person Early Voting ends tomorrow! Get out and vote—Together, we'll make this election #TooBigToRig! https://vote.donaldjtrump.com/ne-top-level/","NEBRASKA! In-person Early Voting ends tomorrow! Get out and vote—Together, we'll make this election #TooBigToRig! https://vote.donaldjtrump.com/ne-top-level/",9205,195,https://truthsocial.com/@realDonaldTrump/113421532985937880,https://truthsocial.com/@realDonaldTrump/113421532985937880,truth_social
2024-11-03,BTC,truth_social,post,113421642091962192,,,,"Just landed in Georgia! Join me live in Macon at 7:15pmEDT. Will be on @RSBN, @realAmericasVoice, @NewsMax, and Donald J. Trump @Rumble, among others. Will see you soon—TOGETHER, we are going to MAKE AMERICA GREAT AGAIN! https://rumble.com/v5lpl4t-live-president-trump-in-macon-ga.html","Just landed in Georgia! Join me live in Macon at 7:15pmEDT. Will be on @RSBN, @realAmericasVoice, @NewsMax, and Donald J. Trump @Rumble, among others. Will see you soon—TOGETHER, we are going to MAKE AMERICA GREAT AGAIN! https://rumble.com/v5lpl4t-live-president-trump-in-macon-ga.html",12287,679,https://truthsocial.com/@realDonaldTrump/113421642091962192,https://truthsocial.com/@realDonaldTrump/113421642091962192,truth_social
2024-11-05,BTC,truth_social,post,113429138265950275,,,,"A GREAT DAY IN NORTH CAROLINA, PENNSYLVANIA, AND MICHIGAN—THANK YOU! IT’S TIME TO GET OUT AND VOTE—SO TOGETHER, WE CAN MAKE AMERICA GREAT AGAIN!!! https://swampthevoteusa.com/","A GREAT DAY IN NORTH CAROLINA, PENNSYLVANIA, AND MICHIGAN—THANK YOU! IT’S TIME TO GET OUT AND VOTE—SO TOGETHER, WE CAN MAKE AMERICA GREAT AGAIN!!! https://swampthevoteusa.com/",28833,1703,https://truthsocial.com/@realDonaldTrump/113429138265950275,https://truthsocial.com/@realDonaldTrump/113429138265950275,truth_social
2024-11-05,BTC,truth_social,post,113430857329287188,,,,"It is now officially ELECTION DAY! This will be the most important day in American History.Voter enthusiasm is THROUGH THE ROOF because people want to Make America Great Again. That means lines are going to be long!I need you to deliver your vote no matter how long it takes. STAY IN LINE! The Radical Communist Democrats want you to pack up and go home. Together, we are going to have a tremendous victory and MAKE AMERICA GREAT AGAIN!","It is now officially ELECTION DAY! This will be the most important day in American History.Voter enthusiasm is THROUGH THE ROOF because people want to Make America Great Again. That means lines are going to be long!I need you to deliver your vote no matter how long it takes. STAY IN LINE! The Radical Communist Democrats want you to pack up and go home. Together, we are going to have a tremendous victory and MAKE AMERICA GREAT AGAIN!",69883,7242,https://truthsocial.com/@realDonaldTrump/113430857329287188,https://truthsocial.com/@realDonaldTrump/113430857329287188,truth_social
2024-11-13,BTC,truth_social,post,113472762495361722,,,,"I am honored to announce that I have nominated Pete Hegseth to serve in my Cabinet as The Secretary of Defense. Pete has spent his entire life as a Warrior for the Troops, and for the Country. Pete is tough, smart and a true believer in America First. With Pete at the helm, America's enemies are on notice - Our Military will be Great Again, and America will Never Back Down…","I am honored to announce that I have nominated Pete Hegseth to serve in my Cabinet as The Secretary of Defense. Pete has spent his entire life as a Warrior for the Troops, and for the Country. Pete is tough, smart and a true believer in America First. With Pete at the helm, America's enemies are on notice - Our Military will be Great Again, and America will Never Back Down…",64108,5267,https://truthsocial.com/@realDonaldTrump/113472762495361722,https://truthsocial.com/@realDonaldTrump/113472762495361722,truth_social
2024-11-19,BTC,truth_social,post,113509291961744326,,,,"“The coalition President Trump has assembled, like Elon Musk, Robert Kennedy, Tulsi Gabbard — these are people that span the political spectrum, are willing to put differences aside, realize we have serious problems, and work together to solve them.”","“The coalition President Trump has assembled, like Elon Musk, Robert Kennedy, Tulsi Gabbard — these are people that span the political spectrum, are willing to put differences aside, realize we have serious problems, and work together to solve them.”",22779,638,https://truthsocial.com/@realDonaldTrump/113509291961744326,https://truthsocial.com/@realDonaldTrump/113509291961744326,truth_social
2024-11-23,BTC,truth_social,post,113529338208908362,,,,"I am very pleased to nominate Russell Thurlow Vought, from the Great State of Virginia, as the Director of the United States Office of Management and Budget (OMB). He did an excellent job serving in this role in my First Term - We cut four Regulations for every new Regulation, and it was a Great Success! Russ graduated with a B.A. from Wheaton College, and received his J.D. from the Washington University School of Law. Russ has spent many years working in Public Policy in Washington, D.C., and is an aggressive cost cutter and deregulator who will help us implement our America First Agenda across all Agencies. Russ knows exactly how to dismantle the Deep State and end Weaponized Government, and he will help us return Self Governance to the People. We will restore fiscal sanity to our Nation, and unleash the American People to new levels of Prosperity and Ingenuity. I look forward to working with you again, Russ. Congratulations. Together, we will Make America Great Again!","I am very pleased to nominate Russell Thurlow Vought, from the Great State of Virginia, as the Director of the United States Office of Management and Budget (OMB). He did an excellent job serving in this role in my First Term - We cut four Regulations for every new Regulation, and it was a Great Success! Russ graduated with a B.A. from Wheaton College, and received his J.D. from the Washington University School of Law. Russ has spent many years working in Public Policy in Washington, D.C., and is an aggressive cost cutter and deregulator who will help us implement our America First Agenda across all Agencies. Russ knows exactly how to dismantle the Deep State and end Weaponized Government, and he will help us return Self Governance to the People. We will restore fiscal sanity to our Nation, and unleash the American People to new levels of Prosperity and Ingenuity. I look forward to working with you again, Russ. Congratulations. Together, we will Make America Great Again!",24608,770,https://truthsocial.com/@realDonaldTrump/113529338208908362,https://truthsocial.com/@realDonaldTrump/113529338208908362,truth_social
2024-11-25,BTC,truth_social,post,113545366863200868,,,,"These cases, like all of the other cases I have been forced to go through, are empty and lawless, and should never have been brought. Over $100 Million Dollars of Taxpayer Dollars has been wasted in the Democrat Party’s fight against their Political Opponent, ME. Nothing like this has ever happened in our Country before. They have also used State Prosecutors and District Attorneys, such as Fani Willis and her lover, Nathan Wade (who had absolutely zero experience in cases such as this, but was paid MILLIONS, enough for them to take numerous trips and cruises around the globe!), Letitia James, who inappropriately, unethically, and probably illegally, campaigned on “GETTING TRUMP” in order to win Political Office, and Alvin Bragg, who himself never wanted to bring this case against me, but was forced to do so by the Justice Department and the Democrat Party….","These cases, like all of the other cases I have been forced to go through, are empty and lawless, and should never have been brought. Over $100 Million Dollars of Taxpayer Dollars has been wasted in the Democrat Party’s fight against their Political Opponent, ME. Nothing like this has ever happened in our Country before. They have also used State Prosecutors and District Attorneys, such as Fani Willis and her lover, Nathan Wade (who had absolutely zero experience in cases such as this, but was paid MILLIONS, enough for them to take numerous trips and cruises around the globe!), Letitia James, who inappropriately, unethically, and probably illegally, campaigned on “GETTING TRUMP” in order to win Political Office, and Alvin Bragg, who himself never wanted to bring this case against me, but was forced to do so by the Justice Department and the Democrat Party….",48234,4296,https://truthsocial.com/@realDonaldTrump/113545366863200868,https://truthsocial.com/@realDonaldTrump/113545366863200868,truth_social
2024-11-27,BTC,truth_social,post,113556157032343210,,,,"I am very pleased to nominate General Keith Kellogg to serve as Assistant to the President and Special Envoy for Ukraine and Russia. Keith has led a distinguished Military and Business career, including serving in highly sensitive National Security roles in my first Administration. He was with me right from the beginning! Together, we will secure PEACE THROUGH STRENGTH, and Make America, and the World, SAFE AGAIN!","I am very pleased to nominate General Keith Kellogg to serve as Assistant to the President and Special Envoy for Ukraine and Russia. Keith has led a distinguished Military and Business career, including serving in highly sensitive National Security roles in my first Administration. He was with me right from the beginning! Together, we will secure PEACE THROUGH STRENGTH, and Make America, and the World, SAFE AGAIN!",43939,1982,https://truthsocial.com/@realDonaldTrump/113556157032343210,https://truthsocial.com/@realDonaldTrump/113556157032343210,truth_social
2024-11-30,BTC,truth_social,post,113573276988405348,,,,"I am pleased to nominate Charles Kushner, of New Jersey, to serve as the U.S. Ambassador to France. He is a tremendous business leader, philanthropist, &amp; dealmaker, who will be a strong advocate representing our Country &amp; its interests. Charlie is the Founder &amp; Chairman of Kushner Companies, one of the largest &amp; most successful privately held Real Estate firms in the Nation. He was recognized as New Jersey Entrepreneur of the Year by Ernst &amp; Young, appointed to the U.S. Holocaust Memorial Council, &amp; served as a Commissioner, &amp; Chairman, of the Port Authority of New York &amp; New Jersey, as well as on the Boards of our top institutions, including NYU. Congratulations to Charlie, his wonderful wife Seryl, their 4 children, &amp; 14 grandchildren. His son, Jared, worked closely with me in the White House, in particular on Operation Warp Speed, Criminal Justice Reform, &amp; the Abraham Accords. Together, we will strengthen America’s partnership with France, our oldest Ally, &amp; one of our greatest!","I am pleased to nominate Charles Kushner, of New Jersey, to serve as the U.S. Ambassador to France. He is a tremendous business leader, philanthropist, &amp; dealmaker, who will be a strong advocate representing our Country &amp; its interests. Charlie is the Founder &amp; Chairman of Kushner Companies, one of the largest &amp; most successful privately held Real Estate firms in the Nation. He was recognized as New Jersey Entrepreneur of the Year by Ernst &amp; Young, appointed to the U.S. Holocaust Memorial Council, &amp; served as a Commissioner, &amp; Chairman, of the Port Authority of New York &amp; New Jersey, as well as on the Boards of our top institutions, including NYU. Congratulations to Charlie, his wonderful wife Seryl, their 4 children, &amp; 14 grandchildren. His son, Jared, worked closely with me in the White House, in particular on Operation Warp Speed, Criminal Justice Reform, &amp; the Abraham Accords. Together, we will strengthen America’s partnership with France, our oldest Ally, &amp; one of our greatest!",30607,1391,https://truthsocial.com/@realDonaldTrump/113573276988405348,https://truthsocial.com/@realDonaldTrump/113573276988405348,truth_social
2024-11-30,BTC,truth_social,post,113573136856113648,,,,"I just had a very productive meeting with Prime Minister Justin Trudeau of Canada, where we discussed many important topics that will require both Countries to work together to address, like the Fentanyl and Drug Crisis that has decimated so many lives as a result of Illegal Immigration, Fair Trade Deals that do not jeopardize American Workers, and the massive Trade Deficit the U.S. has with Canada. I made it very clear that the United States will no longer sit idly by as our Citizens become victims to the scourge of this Drug Epidemic, caused mainly by the Drug Cartels, and Fentanyl pouring in from China. Too much death and hardship! Prime Minister Trudeau has made a commitment to work with us to end this terrible devastation of U.S. Families. We also spoke about many other important topics like Energy, Trade, and the Arctic. All are vital issues that I will be addressing on my first days back in Office, and before.","I just had a very productive meeting with Prime Minister Justin Trudeau of Canada, where we discussed many important topics that will require both Countries to work together to address, like the Fentanyl and Drug Crisis that has decimated so many lives as a result of Illegal Immigration, Fair Trade Deals that do not jeopardize American Workers, and the massive Trade Deficit the U.S. has with Canada. I made it very clear that the United States will no longer sit idly by as our Citizens become victims to the scourge of this Drug Epidemic, caused mainly by the Drug Cartels, and Fentanyl pouring in from China. Too much death and hardship! Prime Minister Trudeau has made a commitment to work with us to end this terrible devastation of U.S. Families. We also spoke about many other important topics like Energy, Trade, and the Arctic. All are vital issues that I will be addressing on my first days back in Office, and before.",56689,3819,https://truthsocial.com/@realDonaldTrump/113573136856113648,https://truthsocial.com/@realDonaldTrump/113573136856113648,truth_social
