date,asset,content,favourites_count,reblogs_count,num_comments,source
2024-11-01,GLOBAL,"On Tuesday, November 5th‚ÄîYOU have to tell Kamala you‚Äôve had enough‚Ä¶",12631,3033,438,truth_social
2024-11-01,GLOBAL,"DREAM BIG, MICHIGAN!!! https://swampthevoteusa.com/",12808,3017,373,truth_social
2024-11-01,GLOBAL,"THANK YOU, ROBERT F. KENNEDY JR! https://swampthevoteusa.com/",10007,2691,246,truth_social
2024-11-01,GLOBAL,"Robert Kennedy Jr: ‚ÄúWhen you go into that voting booth, you‚Äôre going to see my name on the ballot. I DO NOT want you to VOTE for me‚ÄîIf you wanna see me go to Washington, you better VOTE for Donald Trump!‚Äù",10864,3558,350,truth_social
2024-11-01,GLOBAL,"We‚Äôre in a depression‚ÄîVOTE TRUMP, because I‚Äôm going to get you out of it!",8938,2406,402,truth_social
2024-11-01,GLOBAL,"Kamala‚Äôs closing message to America is that she hates you‚ÄîMy closing message is that I love America! I am asking for your vote, but I want you to know that whether you vote for me or not, when I win, I will fight for you with every breath in my body! https://swampthevoteusa.com/",12137,3498,828,truth_social
2024-11-01,GLOBAL,"MICHIGAN‚ÄîWhen we win, you are 4 days away from the best jobs, the biggest paychecks, and the brightest economic future the world has ever seen. GET OUT AND VOTE!! https://swampthevoteusa.com/",8913,2391,257,truth_social
2024-11-01,GLOBAL,"America will be bigger, better, bolder, richer, safer, and stronger than ever before! I am asking you to be excited about the FUTURE of your COUNTRY. We are down to 4 days! I am asking you to DREAM BIG AGAIN‚Ä¶",9532,2556,347,truth_social
2024-11-01,GLOBAL,KAMALA BROKE IT‚ÄîI WILL FIX IT! https://swampthevoteusa.com/,9442,2352,353,truth_social
2024-11-01,GLOBAL,"Everything we have been fighting for these past four years comes down to the next four days. We‚Äôve been setting records in the early voting, but we can‚Äôt let up‚Äîin-person early voting in Michigan ends on SUNDAY. It‚Äôs NOW or NEVER. Get everyone you know, and VOTE, VOTE, VOTE. With your help, we are going to defeat Kamala Harris, and we are going to MAKE AMERICA GREAT AGAIN! https://swampthevoteusa.com/11/1/24 | WARREN, MICHIGAN",15604,4224,952,truth_social
2024-11-01,GLOBAL,RT @NewsMaxCOMING UP: President Donald Trump speaks to supporters in the crucial swing state of Michigan. Watch the live rally coverage on NEWSMAX and NEWSMAX2. https://youtube.com/live/gwUENQamavo?feature=share,0,0,0,truth_social
2024-11-01,GLOBAL,I will and Kamala‚Äôs insane ELECTRIC VEHICLE MANDATE‚ÄîSaving the MICHIGAN Auto Industry! https://swampthevoteusa.com/,8483,2199,382,truth_social
2024-11-01,GLOBAL,"RT @realamericasvoiceARAB AMERICANS BEHIND PRESIDENT TRUMP IN DEARBORN, MI. A plaque being presented to President @realDonaldTrump as Arab Americans look forward to the peace we will have under his presidency.",0,0,0,truth_social
2024-11-01,GLOBAL,"TOGETHER‚ÄîWE WILL FIGHT, FIGHT, FIGHT‚Äîand we will WIN, WIN, WIN! https://swampthevoteusa.com/",17099,4521,1208,truth_social
2024-11-01,GLOBAL,"Join me LIVE in Warren, Michigan at 4:30pmEDT. Will be on @RSBN, @OAN, @realAmericasVoice, @NewsMax, and Donald J. Trump @Rumble. See you soon‚ÄîMAGA2024!!! https://rumble.com/v5l7iiq-live-president-trump-in-warren-mi.html",7205,1988,436,truth_social
2024-11-01,GLOBAL,"RT @RSBNHAPPENING NOW: President Trump on the road with RFK, Jr. in Dearborn, MichiganWATCH LIVE: https://www.rsbnetwork.com/video/live-president-trump-delivers-remarks-at-a-rally-in-warren-mi-11-1-24/",0,0,0,truth_social
2024-11-01,GLOBAL,"Just days ago, a young USMC veteran named Nicholas Quets from Arizona was driving through Mexico for a beach weekend with his friends when he was viciously gunned down on the highway and murdered by members of a Mexican Cartel. His family joined me this evening in Henderson, Nevada‚Ä¶",15008,4626,933,truth_social
2024-11-01,GLOBAL,"GET OUT AND VOTE, NEVADA!!!NEVADA VOTING INFORMATION HERE: https://vote.donaldjtrump.com/nv/",16044,4059,929,truth_social
2024-11-01,GLOBAL,"It was hardworking Patriots like you who built this Country, and 5 days from now, it is hardworking Patriots like you who are going to SAVE our Country! THANK YOU, NEVADA! https://vote.donaldjtrump.com/nv/",18086,4390,939,truth_social
2024-11-01,GLOBAL,"A GREAT DAY IN NEW MEXICO, NEVADA, AND ARIZONA‚ÄîTHANK YOU! With your VOTE this November, we are going to Fire Kamala, and we are going to SAVE AMERICA! https://www.DonaldJTrump.com",18862,4798,986,truth_social
2024-11-01,GLOBAL,"‚ÄúThe Trump Economic Miracle,‚Äù a new book by the brilliant Steve Moore, tells you in great detail what we have done, and where we are going. If you are interested in MAKING AMERICA GREAT AGAIN, this great new book is a MUST READ. Enjoy! Donald J. Trump",15247,3554,757,truth_social
2024-11-01,GLOBAL,"Kamala has spent the final week of her failing campaign comparing her political opponents to the most evil mass murderers in history. Two days ago, Joe Biden called our supporters garbage‚Ä¶You can‚Äôt LEAD America if you don‚Äôt LOVE Americans! https://swampthevoteusa.com/",14234,3965,825,truth_social
2024-11-01,GLOBAL,https://nypost.com/2024/11/01/us-news/election-guru-nate-silver-accuses-pollsters-of-putting-finger-on-the-scale-lying-to-keep-presidential-race-close/,6957,2250,366,truth_social
2024-11-01,GLOBAL,Wishing everyone a Blessed and Happy All Saints‚Äô Day!,13533,3937,869,truth_social
2024-11-01,GLOBAL,"Mark Cuban, a total loser, is being decimated by women all over the Country, especially since they know and admire the many GREAT women that work for, and with, me. They are very ‚ÄúINTELLIGENT‚Äù and, likewise, very ‚ÄúSTRONG.‚Äù Cuban has been hit so hard that he was forced to issue an apology, but his apology is worthless. I‚Äôve known him a long time. He‚Äôs a bad guy, with major character flaws. He‚Äôs also very weak and insecure, and will do and say anything for publicity. He was a staunch supporter of Crooked Hillary Clinton during her failed Campaign for President, and is now a supporter of Lyin‚Äô Kamala Harris, but that‚Äôs only because I don‚Äôt take his many phone calls anymore - Just don‚Äôt have the time or inclination to do so. He can never recover from the horrible statement he made yesterday about a woman‚Äôs strength and intelligence, but he is going to have to try, because what he said was totally unacceptable!",11382,3471,704,truth_social
2024-11-01,GLOBAL,"All I‚Äôm saying about Liz Cheney is that she is a War Hawk, and a dumb one at that, but she wouldn‚Äôt have ‚Äúthe guts‚Äù to fight herself. It‚Äôs easy for her to talk, sitting far from where the death scenes take place, but put a gun in her hand, and let her go fight, and she‚Äôll say, ‚ÄúNo thanks!‚Äù Her father decimated the Middle East, and other places, and got rich by doing so. He‚Äôs caused plenty of DEATH, and probably never even gave it a thought. That‚Äôs not what we want running our Country!",12781,4091,1197,truth_social
2024-11-01,GLOBAL,"Today‚Äôs jobs report is a great embarrassment for our Nation. Kamala has lied for years about their pathetic job growth, which has never been real. Kamala killed 46,000 manufacturing jobs, while 773,000 Americans have lost employment in just the last year‚Äîall while their jobs have been taken by foreign-born workers. America is a Nation in Decline because Sleepy Joe, and Lyin‚Äô Kamala, didn‚Äôt do their job. ‚ÄúTRUMP‚Äù WILL FIX IT! MAKE AMERICA GREAT AGAIN! GO VOTE!",12722,4210,966,truth_social
2024-11-01,GLOBAL,"‚ÄúMELANIA,‚Äù the new book just out by our great former First Lady, is again The New York Times NUMBER ONE BEST SELLER. WOW, what a great achievement! The book is fantastic. We are all very proud of my beautiful Melania!!!",22085,4723,1628,truth_social
2024-11-02,GLOBAL,"Landing in North Carolina now! Join me live in Gastonia at 12:15pmEDT. Will be on @RSBN, @realAmericasVoice, @OAN, @NewsMax, and Donald J. Trump @Rumble, among others. MAGA2024!!! https://rumble.com/v5lbb0h-live-president-trump-in-gastonia-nc.html",10132,2390,582,truth_social
2024-11-02,GLOBAL,MY PROMISES TO AMERICA!,13417,4516,1202,truth_social
2024-11-02,GLOBAL,"THANK YOU, NORTH CAROLINA! https://swampthevoteusa.com/",11042,2710,405,truth_social
2024-11-02,GLOBAL,"The United States is now an OCCUPIED COUNTRY, but it will soon be an occupied country no longer. November 5th, 2024 will be LIBERATION DAY in America! https://swampthevoteusa.com/",12574,3542,691,truth_social
2024-11-02,GLOBAL,"WHEN WE GET KNOCKED DOWN, WE DON‚ÄôT STAY DOWN‚ÄîWE GET UP AGAIN.WE FIGHT!WE FIGHT!!WE FIGHT!!!https://swampthevoteusa.com/",18130,5808,1602,truth_social
2024-11-02,GLOBAL,"Join me LIVE in Salem, Virginia at 5:15pmEDT. Will be on @RSBN, @NewsMax, @realAmericasVoice, and Donald J. Trump @Rumble, among others. See you soon‚ÄîMAGA2024!!! https://rumble.com/v5lfuhw-live-president-trump-in-salem-va.html",8769,2135,865,truth_social
2024-11-02,GLOBAL,"THANK YOU‚ÄîSALEM, VIRGINIA! https://swampthevoteusa.com/",15456,3531,653,truth_social
2024-11-02,GLOBAL,"11/2/24 | SALEM, VIRGINIA",16347,3938,984,truth_social
2024-11-02,GLOBAL,OCTOBER JOBS REPORT‚ÄîTHE HARRIS-BIDEN ADMINISTRATION HAS FAILED THE AMERICAN PEOPLE!,16879,5771,1873,truth_social
2024-11-02,GLOBAL,"Despite all the damage she has caused, Kamala has spent the final week of her campaign comparing her political opponents to the most evil mass murderers in history. Then, Joe Biden called our supporters ‚ÄúGARBAGE.‚Äù My response to Joe and Kamala is simple: you can‚Äôt LEAD America if you don‚Äôt LOVE Americans. And you can‚Äôt be president if you hate the American People. https://swampthevoteusa.com/",15731,4771,1161,truth_social
2024-11-02,GLOBAL,"A GREAT DAY IN MICHIGAN &amp; WISCONSIN, THANK YOU‚ÄîMAGA2024! https://swampthevoteusa.com/",17803,4341,1021,truth_social
2024-11-02,GLOBAL,"On my way to North Carolina to speak to a crowd so large that it goes beyond the beautiful horizon, and this, after a huge Rally in Milwaukee, in the Great State of Wisconsin, last night, in front of over 30,000 American Patriots! Low Energy Democrat Candidate Lyin‚Äô Kamala Harris, was also in Milwaukee yesterday, spending millions of Taxpayer Dollars on the trip, all to speak in front of only 900 people, and most of them were my supporters. They witnessed a person who is totally confused and tired. She is a Low IQ individual, not equipped to be President, and that‚Äôs why she can‚Äôt draw a crowd. We have people lining up for days, all over our soon to be magnificent Nation. Kamala is slumping to the finish line, yawning, shrieking, and cackling, while I am working 24/7 to win this Election, so we can save our Country and, Make America Great Again!",16268,4360,1397,truth_social
2024-11-02,GLOBAL,"THANK YOU‚ÄîMILWAUKEE, WISCONSIN! https://swampthevoteusa.com/",14241,3156,442,truth_social
2024-11-02,GLOBAL,KAMALA BROKE IT‚ÄîI WILL FIX IT!,15694,3678,833,truth_social
2024-11-02,GLOBAL,"Wishing everyone a joyous Diwali filled with warmth, light, and prosperity. May this festival bring happiness to your heart, and illuminate your wonderful path forward.",7740,1733,245,truth_social
2024-11-02,GLOBAL,"RT @realDonaldTrumpEverything we have been fighting for these past four years comes down to the next four days. We‚Äôve been setting records in the early voting, but we can‚Äôt let up‚Äîin-person early voting in Michigan ends on SUNDAY. It‚Äôs NOW or NEVER. Get everyone you know, and VOTE, VOTE, VOTE. With your help, we are going to defeat Kamala Harris, and we are going to MAKE AMERICA GREAT AGAIN! https://swampthevoteusa.com/11/1/24 | WARREN, MICHIGAN",0,0,0,truth_social
2024-11-02,GLOBAL,"RT @realDonaldTrumpOn Tuesday, November 5th‚ÄîYOU have to tell Kamala you‚Äôve had enough‚Ä¶",0,0,0,truth_social
2024-11-02,GLOBAL,"RT @realDonaldTrumpDREAM BIG, MICHIGAN!!! https://swampthevoteusa.com/",0,0,0,truth_social
2024-11-02,GLOBAL,"Patrick Morrisey, of West Virginia, has been a wonderful Attorney General, and will now be an incredible Governor! He will fight tirelessly to Grow the Economy, Stop Inflation, Secure our Border, Restore American Energy DOMINANCE, Strengthen our Military/Vets, and Protect our always under siege Second Amendment. Patrick will work closely with me to enact our America First Agenda, and is a FANTASTIC person to replace my friend and future U.S. Senator, Jim Justice. Patrick Morrisey is my friend, and has my Complete and Total Endorsement - HE WILL NOT LET YOU DOWN!",8389,2017,229,truth_social
2024-11-02,GLOBAL,"JOIN ME LIVE IN MILWAUKEE, WISCONSIN AT 10pmEDT. Will be on @RSBN, @realAmericasVoice, @OAN, @NewsMax, and Donald J. Trump @Rumble, among others! https://rumble.com/v5l9amk-live-president-trump-in-milwaukee-wi.html",9787,2120,402,truth_social
2024-11-02,GLOBAL,"BIG RALLY IN MILWAUKEE‚Äî PACKED HOUSE, A GREAT SCENE! DJT",15963,3207,1028,truth_social
2024-11-02,GLOBAL,"RT @TeamTrumpPRESIDENT TRUMP: I stand before you today as the only candidate who can rescue our economy from obliteration, and restore it to strength, prosperity, and greatness... the economy is now a disaster, and is expected to get substantially worse.",0,0,0,truth_social
2024-11-02,GLOBAL,"RT @TeamTrumpPRESIDENT TRUMP: The day I take the oath of office, the migrant invasion ENDS, and the restoration of our country BEGINS...The United States is now an OCCUPIED COUNTRY, but it will soon be an occupied country no longer. November 5th, 2024 will be LIBERATION DAY in America.",0,0,0,truth_social
2024-11-02,GLOBAL,"RT @TeamTrumpPRESIDENT TRUMP: ""If she can't handle an interview, then she can't handle certainly President Xi of China... She will get overwhelmed, melt down, and millions of people will die. This is not a charity event‚Äî this is an election for the biggest and toughest job in human history.""",0,0,0,truth_social
2024-11-02,GLOBAL,"RT @realDonaldTrumpTOGETHER‚ÄîWE WILL FIGHT, FIGHT, FIGHT‚Äîand we will WIN, WIN, WIN! https://swampthevoteusa.com/",0,0,0,truth_social
2024-11-03,GLOBAL,"Join me LIVE in Kinston, North Carolina at 3:30pmEDT. Will be on @NewsMax, @realAmericasVoice, @RSBN, and Donald J. Trump @Rumble, among others. See you soon‚ÄîMAGA2024!!! https://rumble.com/v5lny2z-live-president-trump-in-kinston-nc.html",9870,2308,946,truth_social
2024-11-03,GLOBAL,"RT @TeamTrumpPRESIDENT TRUMP: IN CONCLUSION, with your vote on Tuesday, we are going to fire Kamala, and we are going to SAVE AMERICA.We will cut your taxes, end inflation, slash your prices, raise your wages, and bring thousands of factories back to America, and back to PENNSYLVANIA.",0,0,0,truth_social
2024-11-03,GLOBAL,"RT @TeamTrumpPRESIDENT TRUMP: After years of building up foreign nations, defending foreign borders, and protecting foreign lands, we are finally going to build up OUR country, defend our borders, and protect OUR citizens. And we will stop illegal immigration once and for all.",0,0,0,truth_social
2024-11-03,GLOBAL,"THANK YOU, PENNSYLVANIA! Everything we have been fighting so hard to achieve for the past 9 years all comes down to the next two days. It‚Äôs NOW or NEVER. This moment will not come again. For the sake of your family, your Country, and your freedom, you have to GET OUT AND VOTE! https://swampthevoteusa.com/",15138,4032,753,truth_social
2024-11-03,GLOBAL,"I haven‚Äôt seen the Drudge Report for years, but everyone tells me it is doing really badly. Is it remaining open, or will they close it up?",10526,2413,690,truth_social
2024-11-03,GLOBAL,I LOVE TRUTH SOCIAL!,18923,4224,1663,truth_social
2024-11-03,GLOBAL,"Heading to Kinston, North Carolina. Big Crowd. Polls are looking GREAT. MAGA!!!",15382,3170,1141,truth_social
2024-11-03,GLOBAL,RT @TeamTrumpNO TAX ON TIPS.NO TAX ON OVERTIME.NO TAX ON SENIORS' SOCIAL SECURITY.VOTE TRUMP!,0,0,0,truth_social
2024-11-03,GLOBAL,"KAMALA BROKE IT, BUT I WILL FIX IT! With your VOTE, inflation will END. The border will be SAFE &amp; SECURE. We will have PEACE across the globe. WITH YOUR VOTE, AMERICA WILL ENTER A NEW GOLDEN AGE! Vote TRUMP to MAKE AMERICA GREAT AGAIN! https://swampthevoteusa.com/",13880,3510,688,truth_social
2024-11-03,GLOBAL,RT @TeamTrumpWe can‚Äôt afford 4 more years of Kamala Harris.#BringBackTrump,0,0,0,truth_social
2024-11-03,GLOBAL,"RT @TeamTrumpPRESIDENT TRUMP: ""Four years of Kamala have delivered nothing but economic HELL for American workers.""#BringBackTrump",0,0,0,truth_social
2024-11-03,GLOBAL,"NEBRASKA! In-person Early Voting ends tomorrow! Get out and vote‚ÄîTogether, we'll make this election #TooBigToRig! https://vote.donaldjtrump.com/ne-top-level/",9205,2536,195,truth_social
2024-11-03,GLOBAL,MONTANA! You have until tomorrow to vote in-person and request your absentee ballot. Let's #SwampTheVote! vote.donaldjtrump.com/mt,9426,2563,205,truth_social
2024-11-03,GLOBAL,CALIFORNIA! Early Voting ends tomorrow! Let's make this election #TooBigToRig https://vote.donaldjtrump.com/ca/,10328,2865,421,truth_social
2024-11-03,GLOBAL,"Just landed in Georgia! Join me live in Macon at 7:15pmEDT. Will be on @RSBN, @realAmericasVoice, @NewsMax, and Donald J. Trump @Rumble, among others. Will see you soon‚ÄîTOGETHER, we are going to MAKE AMERICA GREAT AGAIN! https://rumble.com/v5lpl4t-live-president-trump-in-macon-ga.html",12287,2619,679,truth_social
2024-11-03,GLOBAL,https://www.DonaldJTrump.com,15183,4425,843,truth_social
2024-11-03,GLOBAL,"RT @TeamTrumpPRESIDENT TRUMP: We are 2 days away from the best jobs, the biggest paychecks, and the brightest economic future the world has ever seen...If my opponent knew how to fix the economy, she would've done it.",0,0,0,truth_social
2024-11-03,GLOBAL,"RT @TeamTrumpPRESIDENT TRUMP: We will Make America Wealthy Again, and we will Make America AFFORDABLE again... We are 2 days away from the best jobs, the biggest paychecks, and the brightest economic future the world has ever seen. #BringBackTrump",0,0,0,truth_social
2024-11-03,GLOBAL,"RT @TeamTrumpPRESIDENT TRUMP: ""Kamala BROKE IT. We will FIX IT... The election is a choice between whether we will have four more years of incompetence and failure... or whether we will begin the four greatest years in the history of our country.""",0,0,0,truth_social
2024-11-03,GLOBAL,https://www.breitbart.com/clips/2009/10/05/pistachios-ad-featuring-bristol-palins-ex-levi-johnston-cracks-protection-joke/,5752,1467,192,truth_social
2024-11-03,GLOBAL,https://www.rsbnetwork.com/news/final-trump-rallies-before-election-announced/,9517,2494,542,truth_social
2024-11-03,GLOBAL,"Join me LIVE in Lititz, Pennsylvania at 10:30amEDT. Will be on @RSBN, @OAN, @realAmericasVoice, @NewsMax, and Donald J. Trump @Rumble. See you soon‚ÄîMAGA2024!!! https://rumble.com/v5lj1uk-live-president-trump-in-lititz-pa.html",9378,2264,542,truth_social
2024-11-03,GLOBAL,OHIO! You have until tomorrow to vote early in-person! We need to make this election #TooBigToRig! https://vote.donaldjtrump.com/oh/,9253,2679,313,truth_social
2024-11-03,GLOBAL,"IF YOU HAVEN‚ÄôT VOTED YET, PLEASE CLICK THE LINK BELOW TO MAKE YOUR PLAN. We can‚Äôt afford to take ANY chances‚ÄîYOU MUST VOTE! Stand with me with your vote and with your voice. Together, WE WILL MAKE AMERICA GREAT AGAIN! https://swampthevoteusa.com/",9672,2785,454,truth_social
2024-11-03,GLOBAL,"RT @realDonaldTrumpTHANK YOU‚ÄîSALEM, VIRGINIA! https://swampthevoteusa.com/",0,0,0,truth_social
2024-11-03,GLOBAL,"RT @TeamTrumpGov. Glenn Youngkin: ""We had the greatest economy in the world. Kamala Harris and Joe Biden broke it. Donald Trump will FIX IT. We had the most secure border in the history of America. Kamala Harris broke it. Donald Trump will FIX IT.""",0,0,0,truth_social
2024-11-03,GLOBAL,"RT @TeamTrumpPRESIDENT TRUMP: All of the problem she's caused... can be solved‚Äîbut now, the fate of our nation is in your hands...On Tuesday, you can just say, ‚ÄúKamala... You‚Äôre Fired!‚Äù",0,0,0,truth_social
2024-11-03,GLOBAL,"RT @TeamTrumpPRESIDENT TRUMP: ""As you know firsthand, Kamala‚Äôs hurricane response was a disgrace and a betrayal of her duty... Where the hell is Biden? Tell me, is this the worst administration in history??... Who is running the United States of America?""",0,0,0,truth_social
2024-11-03,GLOBAL,"RT @TeamTrumpPRESIDENT TRUMP: She‚Äôs putting up migrants in luxury hotels... while Americans who have lost their homes are living in tents... When I‚Äôm president, we are going to evict the illegals, and we will make sure every displaced citizen gets the housing... they need.",0,0,0,truth_social
2024-11-03,GLOBAL,"Three beautiful MAGA RALLIES today in Gastonia, North Carolina, followed by Salem, Virginia‚Äîand this evening in Greensboro, North Carolina! Every problem facing us can be solved‚Äîbut now, the fate of our nation is in your hands. On Tuesday, you have to stand up, and you have to tell Kamala that you‚Äôve had enough, you can‚Äôt take anymore, ‚ÄúKamala Harris, You‚Äôre Fired!‚Äù GET OUT AND VOTE TRUMP EVERYONE, SO TOGETHER WE CAN MAKE AMERICA GREAT AGAIN!",15286,4318,1189,truth_social
2024-11-03,GLOBAL,"Join me LIVE in Greensboro, North Carolina for a MAGA RALLY at 9:15pmEDT. Will be on @NewsMax, @realAmericasVoice, @RSBN, and Donald J. Trump @Rumble, among others. See you soon‚ÄîMAGA2024!!! https://rumble.com/v5lhn0e-live-president-trump-in-greensboro-nc.html",9303,2160,591,truth_social
2024-11-03,GLOBAL,"RT @realDonaldTrump11/2/24 | SALEM, VIRGINIA",0,0,0,truth_social
2024-11-03,GLOBAL,NEW YORK! In-person early voting ends tomorrow! Let's #SwampTheVote and make this election #TooBigToRig! https://vote.donaldjtrump.com/ny/,8687,2534,322,truth_social
2024-11-03,GLOBAL,https://www.breitbart.com/the-media/2024/11/02/exclusive-rasmussen-head-pollster-predicts-trump-landslide-likens-to-1980-reagan-carter-election-major-political-realignment/,12734,3409,602,truth_social
2024-11-03,GLOBAL,"If Kamala wins, you are 3 days away from the start of a 1929-style economic depression. If I win, you are 3 days away from the best jobs, the biggest paychecks, and the brightest economic future the world has ever seen.Kamala‚Äôs inflation nightmare has cost the typical American family $30,000 dollars in higher prices‚Äîand now, she wants to impose the largest tax hike in American history, and raise your taxes by $3,000 dollars a year. I will massively cut taxes for workers and small businesses‚Äîand we will have NO TAX ON TIPS, NO TAX ON OVERTIME, and NO TAX ON SOCIAL SECURITY benefits!",18573,5571,1311,truth_social
2024-11-03,GLOBAL,"As we rescue our economy, I will also restore our borders. Over the past 4 years, Kamala has orchestrated the most egregious betrayal that any leader in American history has ever inflicted on our people. She has violated her oath, eradicated our sovereign border, and unleashed an army of gangs and criminal migrants from prisons and jails, insane asylums and mental institutions around the world, from Venezuela to the Congo‚Äîstealing countless American lives.",18335,4997,1192,truth_social
2024-11-03,GLOBAL,https://www.breitbart.com/clips/2024/11/01/pelosi-i-dont-know-why-anybody-would-vote-for-unpatriotic-trump/,9010,2962,2755,truth_social
2024-11-03,GLOBAL,"No President has done more for FARMERS, and the Great State of Iowa, than Donald J. Trump. In fact, it‚Äôs not even close! All polls, except for one heavily skewed toward the Democrats by a Trump hater who called it totally wrong the last time, have me up, BY A LOT. I LOVE THE FARMERS, AND THEY LOVE ME. THE JUST OUT EMERSON POLL HAS ME UP 10 POINTS IN IOWA. THANK YOU!",18506,5035,1725,truth_social
2024-11-03,GLOBAL,"FoxNews keeps putting on Democrat ads, as part of their news program. Their soundbites are almost all of Harris and her Democrat friends, all of whom are on the shows. FOX NEWS IS NOT OUR FRIEND. It‚Äôs crazy!",14917,4869,2368,truth_social
2024-11-03,GLOBAL,"RT: https://truthsocial.com/users/realDonaldTrump/statuses/113416268542404860THANK YOU, GREENSBORO, NORTH CAROLINA‚ÄîMAGA2024!!!",10126,2020,307,truth_social
2024-11-04,GLOBAL,"Join me live in Reading, Pennsylvania at 3:30pmEDT. Will be on @RSBN, @OAN, @realAmericasVoice, @NewsMax, and Donald J. Trump @Rumble, among others. Will see you soon‚ÄîMAGA2024!!! LIVE LINK HERE: https://rumble.com/v5lwh8h-live-president-trump-in-reading-pa.html",10703,2640,340,truth_social
2024-11-04,GLOBAL,It‚Äôs time to Save America from disaster by telling Kamala Harris we‚Äôve had enough of the damage she‚Äôs caused! Do your part to guarantee we win by more than the Margin of Fraud by casting your vote and taking responsibility for ensuring every Republican and Trump voter in your household casts theirs too. Go to: https://swampthevoteusa.com/,13934,3981,628,truth_social
2024-11-04,GLOBAL,"We are building the biggest and broadest coalition in American Political History. This includes record-breaking numbers of Arab and Muslim Voters in Michigan who want PEACE. They know Kamala and her warmonger Cabinet will invade the Middle East, get millions of Muslims killed, and start World War III. VOTE TRUMP, AND BRING BACK PEACE! https://swampthevoteusa.com/",13998,3775,537,truth_social
2024-11-04,GLOBAL,Coming soon: THE GOLDEN AGE OF AMERICA!,22412,6536,1533,truth_social
2024-11-04,GLOBAL,https://justthenews.com/politics-policy/elections/voter-registration-fraud-investigations-point-arizona-group-ties-left,10248,3406,535,truth_social
2024-11-04,GLOBAL,"Thank you Don Jr., Eric, Lara, Tiffany, and Michael! #MAGA2024",14232,3350,540,truth_social
2024-11-04,GLOBAL,"THANK YOU‚ÄîREADING, PENNSYLVANIA! Four years we've all waited for this, and now it's tomorrow. Tomorrow, it's hard working Patriots like you who are going to Save our Country! VOTE!!! https://swampthevoteusa.com/",15372,3701,977,truth_social
2024-11-04,GLOBAL,"We are just ONE DAY AWAY from what will be the most important political event in the history of our Country‚Äîbut you have to GET OUT AND VOTE! Thank you, Reading, Pennsylvania!! https://swampthevoteusa.com/",14499,3670,654,truth_social
2024-11-04,GLOBAL,"Thank you‚ÄîPittsburgh, Pennsylvania. Will see you tonight, after my rally in Reading!",10858,2680,310,truth_social
2024-11-04,GLOBAL,"THANK YOU, @TulsiGabbard! https://swampthevoteusa.com/",15422,4374,776,truth_social
2024-11-04,GLOBAL,"THANK YOU, NORTH CAROLINA! For the past 9 years, we have been fighting against the most sinister and corrupt forces on earth. With your vote in this election, you can show them once and for all that this nation does NOT belong to THEM...It was hardworking Patriots like you who built this Country‚Äîand TOMORROW, it is hardworking Patriots like you who are going to SAVE our Country.",15585,4170,1234,truth_social
2024-11-04,GLOBAL,Tomorrow is our last chance to defeat the corrupt establishment. GET OUT AND VOTE!¬†https://swampthevoteusa.com/,29222,8397,2020,truth_social
2024-11-04,GLOBAL,https://swampthevoteusa.com/,13317,3612,837,truth_social
2024-11-04,GLOBAL,"Join me live in Raleigh, North Carolina at 10:45amEDT! Will be on @RSBN, @OAN, @NewsMax, @realAmericasVoice, and Donald J. Trump @Rumble, among others. See you soon‚ÄîMAGA2024! https://rumble.com/v5lrfjz-live-president-trump-in-raleigh-nc.html",10262,2440,531,truth_social
2024-11-04,GLOBAL,"RT @TeamTrumpPRESIDENT TRUMP: I‚Äôd like to begin by asking a question. Are you better off now than you were 4 years ago?With your vote on Tuesday, I WILL END INFLATION, I WILL STOP THE INVASION OF CRIMINALS COMING INTO OUR COUNTRY, and I WILL BRING BACK THE AMERICAN DREAM.#BringBackTrump",0,0,0,truth_social
2024-11-04,GLOBAL,"RT @TeamTrumpKamala talks about fixing the economy.But why didn't she do it?Her plan will impose the largest tax hike in American history and raise taxes on the typical American Family by $3,000 dollars a year.",0,0,0,truth_social
2024-11-04,GLOBAL,"RT @TeamTrumpPRESIDENT TRUMP: Under my leadership, we are quickly going to turn this economic nightmare into an economic miracle... We will Make America Wealthy Again, and we will Make America AFFORDABLE again. We are 2 days away from the best jobs, the biggest paychecks...#BringBackTrump",0,0,0,truth_social
2024-11-04,GLOBAL,"THANK YOU‚ÄîMACON, GEORGIA! https://swampthevoteusa.com/",14709,3286,504,truth_social
2024-11-04,GLOBAL,#Unity2024 #MAGA https://swampthevoteusa.com/,16704,5223,1122,truth_social
2024-11-04,GLOBAL,RT: https://truthsocial.com/users/realDonaldTrump/statuses/113422486548204140MAKE AMERICA GREAT AGAIN!,15334,3520,637,truth_social
2024-11-04,GLOBAL,"A great day in Pennsylvania, North Carolina, and Georgia‚ÄîTHANK YOU! Everyone be sure to get out and VOTE! GO TO SWAMP THE VOTE USA: https://swampthevoteusa.com/",19310,4969,1339,truth_social
2024-11-04,GLOBAL,‚ÄúAMERICA IS BEING INVADED‚Äù,11725,4147,802,truth_social
2024-11-04,GLOBAL,MAKE AMERICA GREAT AGAIN!,19652,6450,2356,truth_social
2024-11-04,GLOBAL,"Mimi Ramirez-Rodriguez was kidnapped and murdered by an illegal alien‚Äîleaving behind a 9 year-old girl. I met her grieving mom Carmen tonight in Georgia. With your vote Tuesday, we will end Kamala‚Äôs invasion and we will not allow illegals to spill one more drop of American blood.",17520,4874,954,truth_social
2024-11-05,GLOBAL,Republicans: We are doing GREAT! Stay on Line. Do not let them move you. STAY ON LINE AND VOTE!,21920,5954,1035,truth_social
2024-11-05,GLOBAL,GET OUT AND VOTE‚ÄîSTILL TIME LEFT!,30333,6022,1414,truth_social
2024-11-05,GLOBAL,Philadelphia and Detroit! Heavy Law Enforcement is there!!!,22686,6002,1595,truth_social
2024-11-05,GLOBAL,A lot of talk about massive CHEATING in Philadelphia. Law Enforcement coming!!!,31892,9435,3786,truth_social
2024-11-05,GLOBAL,STAY IN LINE‚ÄîTOO BIG TO RIG! https://protectthevote.com/,19583,5278,763,truth_social
2024-11-05,GLOBAL,RT: https://truthsocial.com/users/realDonaldTrump/statuses/113431653938167900,20869,5208,1120,truth_social
2024-11-05,GLOBAL,https://justthenews.com/politics-policy/frielection-lurches-trump-wards-while-problem-polls-may-still-mask-scope-his-lead,15520,3906,818,truth_social
2024-11-05,GLOBAL,Your vote will lead us to Greatness.Your vote will unleash a new GOLDEN AGE!Your vote will MAKE AMERICA GREAT AGAIN! GREATER THAN EVER BEFORE!VOTE TRUMP!,23072,6234,1219,truth_social
2024-11-05,GLOBAL,https://protectthevote.com/,15320,5107,597,truth_social
2024-11-05,GLOBAL,"It is now officially ELECTION DAY! This will be the most important day in American History.Voter enthusiasm is THROUGH THE ROOF because people want to Make America Great Again. That means lines are going to be long!I need you to deliver your vote no matter how long it takes. STAY IN LINE! The Radical Communist Democrats want you to pack up and go home. Together, we are going to have a tremendous victory and MAKE AMERICA GREAT AGAIN!",69883,18023,7242,truth_social
2024-11-05,GLOBAL,"I just learned of the passing of legendary entrepreneur and political genius Bernie Marcus. He was my supporter from the beginning and was always there when I needed help or advice. He strongly endorsed me for this election, as well as my other runs, and I will never forget him for that. He was an extraordinary man and I look forward to powerfully honoring him in the future. Warmest condolences to his wonderful family, and all of his many friends!",41706,7190,1413,truth_social
2024-11-05,GLOBAL,RT @TeamTrumpPresident Trump thanks his children at his last Pennsylvania campaign rally. ‚ù§Ô∏è,0,0,0,truth_social
2024-11-05,GLOBAL,"A GREAT DAY IN NORTH CAROLINA, PENNSYLVANIA, AND MICHIGAN‚ÄîTHANK YOU! IT‚ÄôS TIME TO GET OUT AND VOTE‚ÄîSO TOGETHER, WE CAN MAKE AMERICA GREAT AGAIN!!! https://swampthevoteusa.com/",28833,6714,1703,truth_social
2024-11-05,GLOBAL,"Join me live in Pittsburgh, Pennsylvania! Will be on @RSBN, @OAN, @realAmericasVoice, @NewsMax, and Donald J. Trump @Rumble, among others!LIVE LINK HERE: https://rumble.com/v5lyjpq-live-president-trump-in-pittsburgh-pa.html",10932,2167,734,truth_social
2024-11-05,GLOBAL,"RT @TeamTrumpüö® WATCH: Roberto Clemente Jr., son of the legendary Pittsburgh Pirate Roberto Clemente, endorses President Trump:""It is very important for me to support this man... I believe in everything you stand for right now being able to make a change for our families.""",0,0,0,truth_social
2024-11-05,GLOBAL,"THANK YOU, JOE!",54949,12072,2185,truth_social
2024-11-05,GLOBAL,"My message to Americans‚Äîfrom Pittsburgh, Pennsylvania tonight is simple: We do not have to live this way. We do not have to settle for weakness, incompetence, decline, and decay‚Ä¶",15193,3706,493,truth_social
2024-11-05,GLOBAL,"Roberto Clemente, the Pride of Puerto Rico, was one of the greatest baseball players in history, and also a tremendous humanitarian. He gave his life helping others, dying in a plane crash while delivering relief supplies to earthquake victims on New Year‚Äôs Eve 1972. He remains a legend in Puerto Rico and in Pittsburgh. It was my pleasure to talk about his legacy with his oldest son, Roberto Jr., at our rally in Pittsburgh. It‚Äôs wonderful to have his support.",20923,4647,676,truth_social
2024-11-05,GLOBAL,"A great honor, from a great fighter. Thank you!",18302,4011,484,truth_social
2024-11-05,GLOBAL,"RT @TeamTrumpTHANK YOU, PITTSBURGH!GET OUT AND VOTE TOMORROW!",0,0,0,truth_social
2024-11-05,GLOBAL,"RT: https://truthsocial.com/users/TeamTrump/statuses/113427936400450587Thank you Megyn Kelly, a great honor!",20566,4650,918,truth_social
2024-11-05,GLOBAL,RT @realDonaldTrumpTomorrow is our last chance to defeat the corrupt establishment. GET OUT AND VOTE!¬†https://swampthevoteusa.com/,0,0,0,truth_social
2024-11-06,GLOBAL,RT @realDonaldTrumpGET OUT AND VOTE‚ÄîSTILL TIME LEFT!,0,0,0,truth_social
2024-11-06,GLOBAL,California - 1 More Hour!Polls are open until 8:00 PM local. If you are in line by the cutoff they must let you vote.GO NOW and STAY IN LINE!Find your voting location at the link below! https://swampthevoteusa.com/,33142,5639,8892,truth_social
2024-11-06,GLOBAL,Nevada - 1 More Hour!Polls are open until 7:00 PM local.If you are in line by the cutoff they must let you vote.GO NOW and STAY IN LINE!Find your voting location at the link below! https://swampthevoteusa.com/,25280,4365,1417,truth_social
2024-11-06,GLOBAL,Montana - 1 More Hour!Polls are open until 8:00 PM local.If you are in line by the cutoff they must let you vote.GO NOW and STAY IN LINE!Find your voting location at the link below! https://swampthevoteusa.com/,19133,3337,569,truth_social
2024-11-06,GLOBAL,RT @realDonaldTrumpHI REPUBLICANS! IF YOU‚ÄôRE IN LINE‚ÄîSTAY IN LINE‚Ä¶,0,0,0,truth_social
2024-11-06,GLOBAL,Arizona - 1 More Hour!Polls are open until 7:00 PM local.If you are in line by the cutoff they must let you vote.GO NOW and STAY IN LINE!Find your voting location at the link below! https://swampthevoteusa.com/,17235,3497,587,truth_social
2024-11-06,GLOBAL,Iowa - 1 More Hour!Polls are open until 8:00 PM local.If you are in line by the cutoff they must let you vote.GO NOW and STAY IN LINE!Find your voting location at the link below! https://swampthevoteusa.com/,12140,2570,215,truth_social
2024-11-06,GLOBAL,Wisconsin - 1 More Hour!Polls are open until 8:00 PM local.If you are in line by the cutoff they must let you vote.GO NOW and STAY IN LINE!Find your voting location at the link below! https://swampthevoteusa.com/,13306,2794,251,truth_social
2024-11-06,GLOBAL,New York - 1 More Hour!Polls are open until 9:00 PM local.If you are in line by the cutoff they must let you vote.GO NOW and STAY IN LINE!Find your voting location at the link below! https://swampthevoteusa.com/,11751,2609,264,truth_social
2024-11-06,GLOBAL,HI REPUBLICANS! IF YOU‚ÄôRE IN LINE‚ÄîSTAY IN LINE‚Ä¶,38811,7933,1947,truth_social
2024-11-06,GLOBAL,Pennsylvania - 1 More Hour!Polls are open until 8:00 PM local.Open until 10:00 PM in Cambria County ONLY.If you are in line by the cutoff they must let you vote.GO NOW and STAY IN LINE!Find your voting location at the link below!https://swampthevoteusa.com/,16194,4151,688,truth_social
2024-11-06,GLOBAL,Maine - 1 More Hour!Polls are open until 8:00 PM local.If you are in line by the cutoff they must let you vote.Maine has Ranked Choice Voting.¬†¬†Vote Trump First Choice every round! GO NOW and STAY IN LINE!Find your voting location at the link below!https://swampthevoteusa.com/,13036,3154,310,truth_social
2024-11-06,GLOBAL,Michigan - 1 More Hour!Polls are open until 8:00 PM local.If you are in line by the cutoff they must let you vote.GO NOW and STAY IN LINE!Find your voting location at the link below! https://swampthevoteusa.com/,15226,3109,429,truth_social
2024-11-08,GLOBAL,"There are fake, untrue, and probably illegal rumors and/or statements made by, perhaps, market manipulators or short sellers, that I am interested in selling shares of Truth. THOSE RUMORS OR STATEMENTS ARE FALSE. I HAVE NO INTENTION OF SELLING! I hereby request that the people who have set off these fake rumors or statements, and who may have done so in the past, be immediately investigated by the appropriate authorities. Truth is an important part of our historic win, and I deeply believe in it. Thank you for your attention to this matter. MAKE AMERICA GREAT AGAIN!",67498,16667,4368,truth_social
2024-11-08,GLOBAL,"Governor Gavin Newscum is trying to KILL our Nation‚Äôs beautiful California. For the first time ever, more people are leaving than are coming in. He is using the term ‚ÄúTrump-Proof‚Äù as a way of stopping all of the GREAT things that can be done to ‚ÄúMake California Great Again,‚Äù but I just overwhelmingly won the Election. People are being forced to leave due to his, &amp; other‚Äôs, INSANE POLICY DECISIONS, like the ridiculously rerouting of MILLIONS OF GALLONS OF WATER A DAY FROM THE NORTH OUT INTO THE PACIFIC OCEAN, rather than using it, free of charge, for the towns, cities, &amp; farms dotted all throughout California. They are making it impossible to build a reasonably priced car, the unchecked and unbalanced homeless catastrophe, &amp; the cost of EVERYTHING, in particular ‚Äúgroceries,‚Äù IS OUT OF CONTROL. Also, as an ‚ÄúAGENT‚Äù for the United States of America on Voting &amp; Elections, I will be DEMANDING THAT VOTER I.D., AND PROOF OF CITIZENSHIP, ARE A NECESSARY PART AND COMPONENT OF THE VOTING PROCESS!",52641,14164,5970,truth_social
2024-11-08,GLOBAL,https://www.bloomberg.com/news/articles/2024-11-08/trump-s-2024-red-wave-why-republicans-won-big-in-battleground-states,30849,7601,2181,truth_social
2024-11-09,GLOBAL,"RT @bennyTrump STUNS World! Elected President in Historic LANDSLIDE, WINS Popular Vote! 'Best Comeback Ever'https://youtu.be/B_y0aD_3U30",0,0,0,truth_social
2024-11-09,GLOBAL,RT @TravisTrittTrump won!!! I‚Äôm so proud of @realDonaldTrump! God bless America! üá∫üá∏,0,0,0,truth_social
2024-11-09,GLOBAL,https://www.thegatewaypundit.com/2024/11/urgent-democrats-are-trying-steal-three-gop-house/,21447,8366,1401,truth_social
2024-11-09,GLOBAL,"I will not be inviting former Ambassador Nikki Haley, or former Secretary of State Mike Pompeo, to join the Trump Administration, which is currently in formation. I very much enjoyed and appreciated working with them previously, and would like to thank them for their service to our Country. MAKE AMERICA GREAT AGAIN!",87331,18723,13149,truth_social
2024-11-09,GLOBAL,"RT @libsoftiktokJUST IN: Democratic Colorado Secretary of State Jena Griswold tried to cover up how her office leaked passwords for voting systems until she was called out.This is the same person who:-Sent voter registration mailers to 30,000 non-citizens-Messaged voters to vote after they already voted-Tried to remove Trump from the ballotThis woman is totally incompetent and must resign. You can reach her office here 303-894-2200",0,0,0,truth_social
2024-11-09,GLOBAL,"RT @LeeSmithEVEN BETTER: Truth Social is worth more than the New York TimesDISAPPEARING THE PRESIDENT: TRUMP, TRUTH SOCIAL, AND THE FIGHT FOR THE REPUBLIC has the detailshttps://www.thewrap.com/trump-media-truth-social-value-more-new-york-times/",0,0,0,truth_social
2024-11-09,GLOBAL,"I am very surprised that the Democrats, who fought a hard and valiant fight in the 2020 Presidential Election, raising a record amount of money, didn‚Äôt have lots of $‚Äôs left over. Now they are being squeezed by vendors and others. Whatever we can do to help them during this difficult period, I would strongly recommend we, as a Party and for the sake of desperately needed UNITY, do. We have a lot of money left over in that our biggest asset in the campaign was ‚ÄúEarned Media,‚Äù and that doesn‚Äôt cost very much. MAKE AMERICA GREAT AGAIN!",46132,9941,17985,truth_social
2024-11-09,GLOBAL,RT @OANBREAKING: 45th President Donald Trump Travels To Wisconsin Rally In Garbage Truck Following President Biden‚Äôs ‚ÄúGarbage‚Äù remark,0,0,0,truth_social
2024-11-10,GLOBAL,"Any Republican Senator seeking the coveted LEADERSHIP position in the United States Senate must agree to Recess Appointments (in the Senate!), without which we will not be able to get people confirmed in a timely manner. Sometimes the votes can take two years, or more. This is what they did four years ago, and we cannot let it happen again. We need positions filled IMMEDIATELY! Additionally, no Judges should be approved during this period of time because the Democrats are looking to ram through their Judges as the Republicans fight over Leadership. THIS IS NOT ACCEPTABLE. THANK YOU!",53287,14880,3489,truth_social
2024-11-10,GLOBAL,HAPPY 249TH BIRTHDAY TO OUR GREAT U.S. MARINES!!!,52602,9990,1662,truth_social
2024-11-11,GLOBAL,"RT: https://truthsocial.com/users/alx/statuses/113453704459675510Anthony Scaramucci is a major loser who was fired from the Administration after only 11 days for his insane ‚Äúbrother from another mother‚Äù interview with Chris Cuomo, then with CNN! GREAT JOB BY JOE K.",27298,6115,1546,truth_social
2024-11-11,GLOBAL,"Get a copy of my newest book, SAVE AMERICA today! https://45books.com/",18456,4110,949,truth_social
2024-11-11,GLOBAL,‚ÄúTRUMP TAPS TOM HOMAN AS BORDER CZAR‚Äù,39448,8131,2077,truth_social
2024-11-11,GLOBAL,‚ÄúPREVIEWING FOREIGN POLICY UNDER TRUMP‚ÄôS LEADERSHIP‚Äù,26012,6093,786,truth_social
2024-11-11,GLOBAL,RT @LeessaQWarrior,0,0,0,truth_social
2024-11-11,GLOBAL,RT: https://truthsocial.com/users/AngelaQPatriot/statuses/113456585317639003Thank you!,36522,7058,1263,truth_social
2024-11-11,GLOBAL,"I am pleased to announce that the Former ICE Director, and stalwart on Border Control, Tom Homan, will be joining the Trump Administration, in charge of our Nation‚Äôs Borders (‚ÄúThe Border Czar‚Äù), including, but not limited to, the Southern Border, the Northern Border, all Maritime, and Aviation Security. I‚Äôve known Tom for a long time, and there is nobody better at policing and controlling our Borders. Likewise, Tom Homan will be in charge of all Deportation of Illegal Aliens back to their Country of Origin. Congratulations to Tom. I have no doubt he will do a fantastic, and long awaited for, job.",82756,17578,5965,truth_social
2024-11-11,GLOBAL,https://nypost.com/2024/11/10/us-news/donald-trump-wins-most-popular-votes-by-a-republican-ever/,30110,6329,1265,truth_social
2024-11-11,GLOBAL,"THANK YOU GOD! WON ALL SWING STATES, &amp; THE POPULAR VOTE BY ALMOST 7 MILLION VOTERS. GOT 312 ELECTORAL VOTES. IN THE GREAT STATE OF TEXAS, WON 31 OF 32 STATEWIDE JUDICIAL BENCHES, AND EVERY COUNTY IN THE RIO GRANDE VALLEY. THEY WERE ALL BLUE 8 YEARS AGO, &amp; GOT ONE MILLION MORE TEXAS VOTES THAN IN 2020!",63027,13871,3608,truth_social
2024-11-11,GLOBAL,RT @rcale1776#MAGA,0,0,0,truth_social
2024-11-11,GLOBAL,"The Democrats made a BIG mistake in getting Crazy Liz Chaney, and her father, Dick, involved in their campaign for President. It made the Republicans angry, and the Democrats just plain scratching their heads in amazement. It is always a bad idea to bring ‚Äúlosers‚Äùinto a political campaign!",42699,7579,1436,truth_social
2024-11-11,GLOBAL,The NFL should get rid of the ridiculous new Kickoff Rule!,28422,4178,1117,truth_social
2024-11-11,GLOBAL,NICK BOSA IS A GREAT PLAYER!,32498,4749,666,truth_social
2024-11-11,GLOBAL,RT @ilpresidentoWE KICKED SOME ASS THIS WEEK!!!üòéüá∫üá∏ü•≥ü•≥ü•≥,0,0,0,truth_social
2024-11-12,GLOBAL,"I am pleased to announce that former Director of National Intelligence John Ratcliffe will serve as Director of the Central Intelligence Agency (CIA). From exposing fake Russian collusion to be a Clinton campaign operation, to catching the FBl's abuse of Civil Liberties at the FISA Court, John Ratcliffe has always been a warrior for Truth and Honesty with the American Public. When 51 intelligence officials were lying about Hunter Biden's laptop, there was one, John Ratcliffe, telling the truth to the American People‚Ä¶",66147,14290,3743,truth_social
2024-11-12,GLOBAL,I am pleased to announce that William Joseph McGinley will serve as my White House Counsel. Bill is a smart and tenacious lawyer who will help me advance our America First agenda while fighting for election integrity and against the weaponization of law enforcement. He served in my first term as White House Cabinet Secretary and played a major role in our election victory as the RNC's Outside Counsel for Election Integrity‚Ä¶,36179,7563,586,truth_social
2024-11-12,GLOBAL,"I am pleased to announce that the Highly Respected former Governor of Arkansas, Mike Huckabee, has been nominated to be The United States Ambassador to Israel‚Ä¶",49768,10252,2930,truth_social
2024-11-12,GLOBAL,https://youtu.be/VbTjWvP0oxI,30636,6906,1480,truth_social
2024-11-12,GLOBAL,"I am honored to announce that Congressman Mike Waltz (R-FL) is hereby appointed to serve in my Cabinet as my National Security Advisor. Mike is the first Green Beret to have been elected to Congress, and previously served in the White House and Pentagon. Mike served in the Army Special Forces for 27 years where he was deployed multiple times in combat for which he was awarded four Bronze Stars, including two with Valor...",54821,11237,2268,truth_social
2024-11-12,GLOBAL,"I am pleased to announce that I have appointed Steven C. Witkoff to be Special Envoy to the Middle East. Steve is a Highly Respected Leader in Business and Philanthropy, who has made every project and community he has been involved with stronger and more prosperous. Steve will be an unrelenting Voice for PEACE, and make us all proud‚Ä¶",33086,7032,608,truth_social
2024-11-13,GLOBAL,"It is my Great Honor to announce that Congressman Matt Gaetz, of Florida, is hereby nominated to be The Attorney General of the United States. Matt is a deeply gifted and tenacious attorney, trained at the William &amp; Mary College of Law, who has distinguished himself in Congress through his focus on achieving desperately needed reform at the Department of Justice.¬†Few issues in America are more important than ending the partisan Weaponization of our Justice System. Matt will end Weaponized Government, protect our Borders, dismantle Criminal Organizations and restore Americans‚Äô badly-shattered Faith and Confidence in the Justice Department. On the House Judiciary Committee, which performs oversight of DOJ, Matt played a key role in defeating the Russia, Russia, Russia Hoax, and exposing alarming and systemic Government Corruption and Weaponization.¬†He is a Champion for the Constitution and the Rule of Law‚Ä¶",70720,16549,8252,truth_social
2024-11-13,GLOBAL,"‚Ä¶Matt will root out the systemic corruption at DOJ, and return the Department to its true mission of fighting Crime, and upholding our Democracy and Constitution. We must have Honesty, Integrity, and Transparency at DOJ. Under Matt‚Äôs leadership, all Americans will be proud of the Department of Justice once again.",49755,10093,1982,truth_social
2024-11-13,GLOBAL,RT @TeamTrumpPresident Trump ü§ù House GOP,0,0,0,truth_social
2024-11-13,GLOBAL,"Congratulations to Senator John Thune, the Newly Elected Senate Majority Leader. He moves quickly, and will do an outstanding job. I look forward to working with him, and Senators John Barrasso (Senate Majority Whip), Tom Cotton (Senate Republican Conference Chairman), Shelley Moore Capito (Senate Republican Policy Committee Chairman), James Lankford (Republican Conference Vice Chairman), and Tim Scott (National Republican Senatorial Committee Chairman) to, MAKE AMERICA GREAT AGAIN!",30405,6132,2915,truth_social
2024-11-13,GLOBAL,Thank you ‚Äî So beautiful!!!,46802,6941,1906,truth_social
2024-11-13,GLOBAL,"I am pleased to announce that the Governor and former Congresswoman from South Dakota, Kristi Noem, will be appointed to serve as the Secretary of the Department of Homeland Security (DHS). Kristi has been very strong on Border Security. She was the first Governor to send National Guard Soldiers to help Texas fight the Biden Border Crisis, and they were sent a total of eight times. She will work closely with ""Border Czar"" Tom Homan to secure the Border, and will guarantee that our American Homeland is secure from our adversaries‚Ä¶",60001,12043,4401,truth_social
2024-11-13,GLOBAL,"I am pleased to announce that the Great Elon Musk, working in conjunction with American Patriot Vivek Ramaswamy, will lead the Department of Government Efficiency ('DOGE"")‚Ä¶.",80785,18367,5880,truth_social
2024-11-13,GLOBAL,"I am honored to announce that I have nominated Pete Hegseth to serve in my Cabinet as The Secretary of Defense. Pete has spent his entire life as a Warrior for the Troops, and for the Country. Pete is tough, smart and a true believer in America First. With Pete at the helm, America's enemies are on notice - Our Military will be Great Again, and America will Never Back Down‚Ä¶",64108,13137,5267,truth_social
2024-11-13,GLOBAL,RT @AngelaQPatriot#XTeam #LilyPadLounge #TheHashTagChat #FHFNEWS,0,0,0,truth_social
2024-11-13,GLOBAL,RT @DonaldJTrumpJrLegendary,0,0,0,truth_social
2024-11-14,GLOBAL,RT @realDonaldTrump,0,0,0,truth_social
2024-11-14,GLOBAL,"I respect Jamie Dimon, of JPMorgan Chase, greatly, but he will not be invited to be a part of the Trump Administration. I thank Jamie for his outstanding service to our Country!",34717,5974,1621,truth_social
2024-11-14,GLOBAL,"I am thrilled to announce Robert F. Kennedy Jr. as The United States Secretary of Health and Human Services (HHS). For too long, Americans have been crushed by the industrial food complex and drug companies who have engaged in deception, misinformation, and disinformation when it comes to Public Health. The Safety and Health of all Americans is the most important role of any Administration, and HHS will play a big role in helping ensure that everybody will be protected from harmful chemicals, pollutants, pesticides, pharmaceutical products, and food additives that have contributed to the overwhelming Health Crisis in this Country. Mr. Kennedy will restore these Agencies to the traditions of Gold Standard Scientific Research, and beacons of Transparency, to end the Chronic Disease epidemic, and to Make America Great and Healthy Again!",88454,20453,6860,truth_social
2024-11-14,GLOBAL,"I am pleased to announce that Jay Clayton, of New York, the Chairman of the U.S. Securities and Exchange Commission during my first term, where he did an incredible job, is hereby nominated to be the U.S. Attorney for the Southern District of New York. Jay is a highly respected business leader, counsel, and public servant.¬†Jay received Engineering and Law degrees from the University of Pennsylvania, and an Economics degree from the University of Cambridge. Before chairing the SEC, Jay was a partner at Sullivan &amp; Cromwell, and served on the Management Committee. He is currently a Senior Policy Advisor to Sullivan &amp; Cromwell, a Board Member of several public and private companies, and an Adjunct Professor at the Wharton Business School, and the Carey Law School at the University of Pennsylvania. Jay is going to be a strong Fighter for the Truth as we, Make America Great Again.",46869,9262,1308,truth_social
2024-11-16,GLOBAL,"Nicole Reinoso has my Complete and Total Endorsement for Doral City Council (Seat 3). Working with Doral‚Äôs wonderful Mayor, Christi Fraga, Nicole will help Grow the Economy, Create GREAT Jobs, and Deliver the American Dream. Doral Residents, vote for Nicole Reinoso - She will not let you down!",20530,4257,449,truth_social
2024-11-17,GLOBAL,"A totally Fake poll that caused great distrust and uncertainty at a very critical time. She knew exactly what she was doing. Thank you to the GREAT PEOPLE OF IOWA for giving me such a record breaking vote, despite possible ELECTION FRAUD by Ann Selzer and the now discredited ‚Äúnewspaper‚Äù for which she works. An investigation is fully called for! https://www.desmoinesregister.com/story/opinion/columnists/2024/11/17/ann-selzer-conducts-iowa-poll-ending-election-polling-moving-to-other-opportunities/76334909007/",41856,10680,3121,truth_social
2024-11-17,GLOBAL,https://www.tmz.com/2024/11/16/donald-trump-attends-ufc-309-elon-musk-rfk/,33068,6307,1135,truth_social
2024-11-17,GLOBAL,"Great job on FoxNews today by GOPAC CHAIRMAN David Avella. A clear and concise statement of what the Republican Party must do in order to maintain its GREAT MOMENTUM coming off one of the most successful Republican Elections in history. It will all get done, and more!!!",29458,5631,759,truth_social
2024-11-17,GLOBAL,https://nypost.com/2024/11/16/us-news/trump-greeted-with-thunderous-applause-in-trumphant-return-to-msg-for-ufc-309-with-elon-musk-and-mike-johnson-in-tow/,23809,4146,270,truth_social
2024-11-17,GLOBAL,THANK YOU TO THE GREAT DANA WHITE AND #UFC309!,35143,7650,1148,truth_social
2024-11-17,GLOBAL,https://www.dailymail.co.uk/sport/ufc/article-14092079/Donald-Trump-arrives-UFC-309-Dana-White-Robert-F-Kennedy-Jr.html,25909,4518,328,truth_social
2024-11-18,GLOBAL,"We‚Äôre coming up on the five year anniversary of Covid, and if you recall, under President Trump‚Äôs leadership, we had incredible public health policies. President Trump‚Äôs unparalleled creation of Operation Warp Speed was one like we‚Äôve never seen before! Dr. Janette Neishewat, FoxNews",26180,4662,2564,truth_social
2024-11-18,GLOBAL,What a great week this has been. Perhaps the most successful Election results in Republican Party history! MAKE AMERICA GREAT AGAIN. Thank you!!!,51010,8904,2411,truth_social
2024-11-18,GLOBAL,"Great job by Senator Markwayne Mullen, of the Great State of Oklahoma, in a wonderful interview with Trey Gowdy on FoxNews. I love Oklahoma, where I was the only person to win all 77 out of 77 districts. I did it 3 consecutive times. Ronald Reagan was second in winning 56 districts. Markwayne, a great fighter, is taking really good care of that very Special State - And I‚Äôm there watching over it. MAKE AMERICA GREAT AGAIN!",32837,6016,1107,truth_social
2024-11-18,GLOBAL,TRUE!!!,38008,9544,2147,truth_social
2024-11-19,GLOBAL,"I‚Äôm heading to the Great State of Texas to watch the launch of the largest object ever to be elevated, not only to Space, but simply by lifting off the ground. Good luck to Elon Musk and the Great Patriots involved in this incredible project!",38604,7092,1408,truth_social
2024-11-19,GLOBAL,"The Democrats are trying to rig the U.S. Senate Election in Pennsylvania. Such a disgrace. The Election was WON, conclusively, by David McCormick!",34925,8418,1709,truth_social
2024-11-19,GLOBAL,‚ÄúTHE ‚ÄòSILENT TRUMP VOTER‚Äô ROARS BACK‚Äù,20787,4869,494,truth_social
2024-11-19,GLOBAL,The Democrats are trying to stack the Courts with Radical Left Judges on their way out the door. Republican Senators need to Show Up and Hold the Line ‚Äî No more Judges confirmed before Inauguration Day!,58135,15784,3725,truth_social
2024-11-19,GLOBAL,‚ÄúCHANGE IS COMING‚Äù,26019,6509,1013,truth_social
2024-11-19,GLOBAL,MAKE AMERICA GREAT AGAIN!,29601,6923,1692,truth_social
2024-11-19,GLOBAL,"Thank you, Sylvester Stallone!",26352,5562,659,truth_social
2024-11-19,GLOBAL,"‚ÄúThe coalition President Trump has assembled, like Elon Musk, Robert Kennedy, Tulsi Gabbard ‚Äî these are people that span the political spectrum, are willing to put differences aside, realize we have serious problems, and work together to solve them.‚Äù",22779,5185,638,truth_social
2024-11-19,GLOBAL,"‚ÄúThe American people spoke last week when they elected Donald Trump by such a big margin, they flipped the Senate, and they kept a Republican majority in the House. They WANT accountability."" James Comer",20503,4771,518,truth_social
2024-11-19,GLOBAL,‚ÄúTRUMP DANCE SWEEPS THE NATION‚Äù,24330,5755,734,truth_social
2024-11-20,GLOBAL,"Coming Soon! The Limited Edition ‚Äú45‚Äù Guitar. Only 1,300 of each Acoustic and Electric Guitars MADE ‚Äî Some personally signed! https://gettrumpguitars.com/",23338,4929,1406,truth_social
2024-11-20,GLOBAL,"Congratulations, Elon!",40961,8107,1387,truth_social
2024-11-20,GLOBAL,"JUSTICE FOR LAKEN RILEY! The Illegal who killed our beloved Laken Riley was just found GUILTY on all counts for his horrific crimes. Although the pain and heartbreak will last forever, hopefully this can help bring some peace and closure to her wonderful family who fought for Justice, and to ensure that other families don‚Äôt have to go through what they have. We love you, Laken, and our hearts will always be with you. It is time to secure our Border, and remove these criminals and thugs from our Country, so nothing like this can happen again!",77306,17036,5234,truth_social
2024-11-20,GLOBAL,REPUBLICANS MUST KILL THIS BILL! https://www.pbs.org/video/press-act-1731967667/,24017,7559,2172,truth_social
2024-11-20,GLOBAL,‚ÄúIT‚ÄôS AN INSULT TO JUSTICE‚Äù,23362,6522,1058,truth_social
2024-11-20,GLOBAL,‚ÄúTRUMP ADMIN TAKES SHAPE‚Äù,21394,5263,1509,truth_social
2024-11-20,GLOBAL,RT @realDonaldTrumpThe Democrats are trying to stack the Courts with Radical Left Judges on their way out the door. Republican Senators need to Show Up and Hold the Line ‚Äî No more Judges confirmed before Inauguration Day!,0,0,0,truth_social
2024-11-20,GLOBAL,"This is what the Radical Left Lunatics do to people. They dirty them up, they destroy them, and then they spit them out. They are trying that right now with some great American Patriots who are only trying to fix the mess that the Democrats have made of our Country. WE WILL WIN!!! MAGA",33678,8289,1635,truth_social
2024-11-21,GLOBAL,"I greatly appreciate the recent efforts of Matt Gaetz in seeking approval to be Attorney General. He was doing very well but, at the same time, did not want to be a distraction for the Administration, for which he has much respect. Matt has a wonderful future, and I look forward to watching all of the great things he will do!",75382,13431,11521,truth_social
2024-11-21,GLOBAL,"I am proud to announce former Attorney General of the Great State of Florida, Pam Bondi, as our next Attorney General of the United States. Pam was a prosecutor for nearly 20 years, where she was very tough on Violent Criminals, and made the streets safe for Florida Families. Then, as Florida‚Äôs first female Attorney General, she worked to stop the trafficking of deadly drugs, and reduce the tragedy of Fentanyl Overdose Deaths, which have destroyed many families across our Country. She did such an incredible job, that I asked her to serve on our Opioid and Drug Abuse Commission during my first Term ‚Äî We saved many lives!For too long, the partisan Department of Justice has been weaponized against me and other Republicans - Not anymore. Pam will refocus the DOJ to its intended purpose of fighting Crime, and Making America Safe Again. I have known Pam for many years ‚Äî She is smart and tough, and is an AMERICA FIRST Fighter, who will do a terrific job as Attorney General!",66327,15233,8740,truth_social
2024-11-22,GLOBAL,https://youtu.be/SBNC7z72lNM,16869,4373,1053,truth_social
2024-11-23,GLOBAL,"I am very pleased to nominate Russell Thurlow Vought, from the Great State of Virginia, as the Director of the United States Office of Management and Budget (OMB). He did an excellent job serving in this role in my First Term - We cut four Regulations for every new Regulation, and it was a Great Success! Russ graduated with a B.A. from Wheaton College, and received his J.D. from the Washington University School of Law. Russ has spent many years working in Public Policy in Washington, D.C., and is an aggressive cost cutter and deregulator who will help us implement our America First Agenda across all Agencies. Russ knows exactly how to dismantle the Deep State and end Weaponized Government, and he will help us return Self Governance to the People. We will restore fiscal sanity to our Nation, and unleash the American People to new levels of Prosperity and Ingenuity. I look forward to working with you again, Russ. Congratulations. Together, we will Make America Great Again!",24608,5591,770,truth_social
2024-11-23,GLOBAL,"I am hearing that America First Patriot Randy Fine is considering launching his Campaign for Congress in Florida's 6th Congressional District!¬†A Harvard Educated, Successful Businessman, and Highly Respected State Legislator, Randy has been an incredible Voice for MAGA, and the Great People of Florida. In Congress, Randy will be an INCREDIBLE Fighter who will work tirelessly with me to Stop Inflation, Grow our Economy, Secure the Border, Champion our Military/Vets, Restore American Energy DOMINANCE, Protect our always under siege Second Amendment, and Restore PEACE THROUGH STRENGTH.¬†Should he decide to enter this Race, Randy Fine has my Complete and Total Endorsement. RUN, RANDY, RUN!",30813,6550,1306,truth_social
2024-11-24,GLOBAL,"Now it‚Äôs time to SAVE AMERICA! Only one Book captures the magic we had, and will soon have again. Get my newest book ‚Äî SAVE AMERICA! https://45books.com/",20077,4591,1576,truth_social
2024-11-25,GLOBAL,"As everyone is aware, thousands of people are pouring through Mexico and Canada, bringing Crime and Drugs at levels never seen before. Right now a Caravan coming from Mexico, composed of thousands of people, seems to be unstoppable in its quest to come through our currently Open Border. On January 20th, as one of my many first Executive Orders, I will sign all necessary documents to charge Mexico and Canada a 25% Tariff on ALL products coming into the United States, and its ridiculous Open Borders. This Tariff will remain in effect until such time as Drugs, in particular Fentanyl, and all Illegal Aliens stop this Invasion of our Country! Both Mexico and Canada have the absolute right and power to easily solve this long simmering problem. We hereby demand that they use this power, and until such time that they do, it is time for them to pay a very big price!",50979,12687,4016,truth_social
2024-11-25,GLOBAL,"I have had many talks with China about the massive amounts of drugs, in particular Fentanyl, being sent into the United States ‚Äì But to no avail. Representatives of China told me that they would institute their maximum penalty, that of death, for any drug dealers caught doing this but, unfortunately, they never followed through, and drugs are pouring into our Country, mostly through Mexico, at levels never seen before. Until such time as they stop, we will be charging China an additional 10% Tariff, above any additional Tariffs, on all of their many products coming into the United States of America. Thank you for your attention to this matter.",32229,8518,2180,truth_social
2024-11-25,GLOBAL,"‚Ä¶.It was a political hijacking, and a low point in the History of our Country that such a thing could have happened, and yet, I persevered, against all odds, and WON. MAKE AMERICA GREAT AGAIN!",25728,6084,1118,truth_social
2024-11-25,GLOBAL,"Jimmy Patronis, Chief Financial Officer for the Great State of Florida, has done a tremendous job as CFO, where he also serves as the State‚Äôs Fire Marshall, and as an important member of the Florida Cabinet. I hear that Jimmy is now considering launching a Campaign for Congress in Florida's 1st Congressional District!¬†A fourth generation Floridian from the beautiful Panhandle, and owner of an iconic seafood restaurant, Jimmy has been a wonderful friend to me, and to MAGA. As your next Congressman, Jimmy would work tirelessly alongside of me to Grow our Economy, Secure our Border, Stop Migrant Crime, Strengthen our Incredible Military/Vets, Restore American Energy DOMINANCE, and Defend our always under siege Second Amendment.¬†Should he decide to enter this Race, Jimmy Patronis has my Complete and Total Endorsement. RUN, JIMMY, RUN!",29305,6538,962,truth_social
2024-11-25,GLOBAL,"These cases, like all of the other cases I have been forced to go through, are empty and lawless, and should never have been brought. Over $100 Million Dollars of Taxpayer Dollars has been wasted in the Democrat Party‚Äôs fight against their Political Opponent, ME. Nothing like this has ever happened in our Country before. They have also used State Prosecutors and District Attorneys, such as Fani Willis and her lover, Nathan Wade (who had absolutely zero experience in cases such as this, but was paid MILLIONS, enough for them to take numerous trips and cruises around the globe!), Letitia James, who inappropriately, unethically, and probably illegally, campaigned on ‚ÄúGETTING TRUMP‚Äù in order to win Political Office, and Alvin Bragg, who himself never wanted to bring this case against me, but was forced to do so by the Justice Department and the Democrat Party‚Ä¶.",48234,12842,4296,truth_social
2024-11-26,GLOBAL,https://time.com/7178829/why-ceos-are-cheering-donald-trump-bessent-pick-for-treasury-secretary/,13081,3104,346,truth_social
2024-11-26,GLOBAL,‚ÄúWall St closes higher; small-caps hit record high after Trump nominates Bessent‚Äù https://www.reuters.com/markets/us/dow-futures-hit-all-time-high-markets-laud-trumps-treasury-pick-2024-11-25/,15832,3397,407,truth_social
2024-11-26,GLOBAL,"‚ÄúFreedom Caucus Looks to Chart a New, Even Trumpier Path‚Äù https://www.notus.org/congress/freedom-caucus-chart-new-trump-path",14458,3683,446,truth_social
2024-11-26,GLOBAL,"Will the failing New York Times apologize to its readers for getting years of ‚ÄúTrump‚Äù coverage so wrong. They write such phony ‚Äújunk,‚Äù knowing full well how incorrect it is, only meaning to demean. Magot Hagerman, a third rate writer and fourth rate intellect, writes story after story, always terrible, and yet I almost never speak to her. They do no fact checking, because facts don‚Äôt matter to them. I don‚Äôt believe I‚Äôve had a legitimately good story in the NYT for years, AND YET I WON, IN RECORD FASHION, THE MOST CONSEQUENTIAL PRESIDENTIAL ELECTION IN DECADES. WHERE IS THE APOLOGY?",26106,6688,2378,truth_social
2024-11-26,GLOBAL,"RT @realDonaldTrumpNow it‚Äôs time to SAVE AMERICA! Only one Book captures the magic we had, and will soon have again. Get my newest book ‚Äî SAVE AMERICA! https://45books.com/",0,0,0,truth_social
2024-11-26,GLOBAL,"RT @realDonaldTrumpI am hearing that America First Patriot Randy Fine is considering launching his Campaign for Congress in Florida's 6th Congressional District!¬†A Harvard Educated, Successful Businessman, and Highly Respected State Legislator, Randy has been an incredible Voice for MAGA, and the Great People of Florida. In Congress, Randy will be an INCREDIBLE Fighter who will work tirelessly with me to Stop Inflation, Grow our Economy, Secure the Border, Champion our Military/Vets, Restore American Energy DOMINANCE, Protect our always under siege Second Amendment, and Restore PEACE THROUGH STRENGTH.¬†Should he decide to enter this Race, Randy Fine has my Complete and Total Endorsement. RUN, RANDY, RUN!",0,0,0,truth_social
2024-11-26,GLOBAL,RT @realDonaldTrump,0,0,0,truth_social
2024-11-27,GLOBAL,https://youtu.be/5KgxHuMttfE,13800,3089,451,truth_social
2024-11-27,GLOBAL,"I am very pleased to nominate General Keith Kellogg to serve as Assistant to the President and Special Envoy for Ukraine and Russia. Keith has led a distinguished Military and Business career, including serving in highly sensitive National Security roles in my first Administration.¬†He was with me right from the beginning! Together, we will secure PEACE THROUGH STRENGTH, and Make America, and the World, SAFE AGAIN!",43939,9329,1982,truth_social
2024-11-27,GLOBAL,https://www.foxnews.com/video/6365232523112,19349,4160,952,truth_social
2024-11-27,GLOBAL,https://www.foxnews.com/media/sean-hannity-truth-common-sense-making-comeback,15116,3175,378,truth_social
2024-11-27,GLOBAL,https://youtu.be/hhj7Rke02CQ,17516,4061,338,truth_social
2024-11-27,GLOBAL,Laura Ingraham: ‚ÄúAmerica is feeling more hopeful this holiday.‚Äù,29885,6204,1319,truth_social
2024-11-27,GLOBAL,https://youtu.be/AjYbe1etKOc,15432,3297,313,truth_social
2024-11-27,GLOBAL,https://youtu.be/qS_8_sxfzyg,16852,4091,405,truth_social
2024-11-27,GLOBAL,LAURA INGRAHAM: ‚ÄúLAWFARE LOSES‚ÄîFINALLY‚Äù,15745,3750,398,truth_social
2024-11-27,GLOBAL,‚ÄúTRUMP REVEALS WHAT HE‚ÄôLL DO ON DAY ONE‚Äù,14502,3712,301,truth_social
2024-11-27,GLOBAL,‚ÄúTHE DICTATOR HOAX FELL FLAT‚Äù,13920,3449,614,truth_social
2024-11-27,GLOBAL,"Jesse Watters: ‚ÄúDemocrats dismantled the border ‚Äî and in return, the border crisis dismantled the Democrats.‚Äù",14417,3708,336,truth_social
2024-11-27,GLOBAL,https://youtu.be/AsIcUdP10go,15509,3494,395,truth_social
2024-11-28,GLOBAL,RT @realDonaldTrump,0,0,0,truth_social
2024-11-28,GLOBAL,"Happy Thanksgiving to all, including to the Radical Left Lunatics who have worked so hard to destroy our Country, but who have miserably failed, and will always fail, because their ideas and policies are so hopelessly bad that the great people of our Nation just gave a landslide victory to those who want to MAKE AMERICA GREAT AGAIN! Don‚Äôt worry, our Country will soon be respected, productive, fair, and strong, and you will be, more than ever before, proud to be an American!",85338,17445,9239,truth_social
2024-11-28,GLOBAL,"The great Dana White, and friends!!!",32039,5054,674,truth_social
2024-11-28,GLOBAL,"Just had a wonderful conversation with the new President of Mexico, Claudia Sheinbaum Pardo. She has agreed to stop Migration through Mexico, and into the United States, effectively closing our Southern Border. We also talked about what can be done to stop the massive drug inflow into the United States, and also, U.S. consumption of these drugs. It was a very productive conversation!",48188,10119,2083,truth_social
2024-11-28,GLOBAL,"I will be working on a large scale United States Advertising Campaign, explaining how bad Fentanyl is for people to use - Millions of lives being so needlessly destroyed. By the time the Campaign is over, everyone will know how really bad the horror of this Drug is.",37410,7951,1424,truth_social
2024-11-28,GLOBAL,"Mexico will stop people from going to our Southern Border, effective immediately. THIS WILL GO A LONG WAY TOWARD STOPPING THE ILLEGAL INVASION OF THE USA. Thank you!!!",55209,11601,3020,truth_social
2024-11-29,GLOBAL,WHAT WILL WE DO WITH THIS MOMENT‚Ä¶,48459,14306,3393,truth_social
2024-11-29,GLOBAL,‚ÄúThe Local Sheriffs Gearing Up to Help Trump Carry Out Mass Deportations‚Äùhttps://www.wsj.com/us-news/county-sheriffs-trump-immigration-plan-deportations-64c522dd,41580,9335,2710,truth_social
2024-11-30,GLOBAL,"The idea that the BRICS Countries are trying to move away from the Dollar while we stand by and watch is OVER. We require a commitment from these Countries that they will neither create a new BRICS Currency, nor back any other Currency to replace the mighty U.S. Dollar or, they will face 100% Tariffs, and should expect to say goodbye to selling into the wonderful U.S. Economy. They can go find another ‚Äúsucker!‚Äù There is no chance that the BRICS will replace the U.S. Dollar in International Trade, and any Country that tries should wave goodbye to America.",35562,9030,1891,truth_social
2024-11-30,GLOBAL,"I just had a very productive meeting with Prime Minister Justin Trudeau of Canada, where we discussed many important topics that will require both Countries to work together to address, like the Fentanyl and Drug Crisis that has decimated so many lives as a result of Illegal Immigration, Fair Trade Deals that do not jeopardize American Workers, and the massive Trade Deficit the U.S. has with Canada. I made it very clear that the United States will no longer sit idly by as our Citizens become victims to the scourge of this Drug Epidemic, caused mainly by the Drug Cartels, and Fentanyl pouring in from China. Too much death and hardship! Prime Minister Trudeau has made a commitment to work with us to end this terrible devastation of U.S. Families. We also spoke about many other important topics like Energy, Trade, and the Arctic. All are vital issues that I will be addressing on my first days back in Office, and before.",56689,10756,3819,truth_social
2024-11-30,GLOBAL,"I am pleased to nominate Charles Kushner, of New Jersey, to serve as the U.S. Ambassador to France. He is a tremendous business leader, philanthropist, &amp; dealmaker, who will be a strong advocate representing our Country &amp; its interests. Charlie is the Founder &amp; Chairman of Kushner Companies, one of the largest &amp; most successful privately held Real Estate firms in the Nation. He was recognized as New Jersey Entrepreneur of the Year by Ernst &amp; Young, appointed to the U.S. Holocaust Memorial Council, &amp; served as a Commissioner, &amp; Chairman, of the Port Authority of New York &amp; New Jersey, as well as on the Boards of our top institutions, including NYU.¬†Congratulations to Charlie, his wonderful wife Seryl, their 4 children, &amp; 14 grandchildren. His son, Jared, worked closely with me in the White House, in particular on Operation Warp Speed, Criminal Justice Reform, &amp; the Abraham Accords. Together, we will strengthen America‚Äôs partnership with France, our oldest Ally, &amp; one of our greatest!",30607,6012,1391,truth_social
2024-11-30,GLOBAL,"I am pleased to nominate Sheriff Chad Chronister for Administrator of the Drug Enforcement Agency (DEA). For over 32 years, Sheriff Chad Chronister has served the Hillsborough County Sheriff‚Äôs Office, and received countless commendations and awards for keeping his community SAFE. A proud graduate of the FBI National Academy's 260th Session, Chad is Co-Chairman of the Regional Domestic Security Task Force for Region IV Tampa Bay, Council Member of the Florida Attorney General‚Äôs Statewide Council on Human Trafficking, Chairman of the Criminal Justice Sub-Committee,¬†Vice-Chairman of the Hillsborough County Public Safety Coordinating Council, and Vice-Chairman of the Hillsborough County Public Schools Citizen Oversight Committee. As DEA Administrator, Chad will work with our great Attorney General, Pam Bondi, to secure the Border, stop the flow of Fentanyl, and other Illegal Drugs, across the Southern Border, and SAVE LIVES. Congratulations to Chad, his wife Nikki, and two wonderful sons!",38620,7982,2110,truth_social
2024-11-30,GLOBAL,"I am proud to announce that Kashyap ‚ÄúKash‚Äù Patel will serve as the next Director of the Federal Bureau of Investigation. Kash is a brilliant lawyer, investigator, and ‚ÄúAmerica First‚Äù fighter who has spent his career exposing corruption, defending Justice, and protecting the American People. He played a pivotal role in uncovering the Russia, Russia, Russia Hoax, standing as an advocate for truth, accountability, and the Constitution. Kash did an incredible job during my First Term, where he served as Chief of Staff at the Department of Defense, Deputy Director of National Intelligence, and Senior Director for Counterterrorism at the National Security Council. Kash has also tried over 60 jury trials. This FBI will end the growing crime epidemic in America, dismantle the migrant criminal gangs, and stop the evil scourge of human and drug trafficking across the Border. Kash will work under our great Attorney General, Pam Bondi, to bring back Fidelity, Bravery, and Integrity to the FBI.",103810,27930,14182,truth_social
